Hanging,Stockholm,,Sweden
Sealion
Dbrand
Officer
üÖ±Ô∏èLON
Royal,Caribbean
Prague.
Heathrow,Airport,,SW
Heathrow
Hercules,Hades
Let‚Äôs
Cleaning
Lie.
HMB,
[OC]
OMG.
Ye,Olde
Cherry,,Digital,Painting,
√ú√¶≈ó√ßƒº,,Master,Elements
u/Brithynes
Steven,Gerrard,Rangers
Thors,Quest
Reasonable
MRW
Leaked,Winds,Winter
Triangles
Masherbrum,,Karakoram,,Gilgit,Baltistan,,Pakistan,Rizwan,Saddique
Anons
OLED,Galaxy,S8
[WP]
Fatal
Tinder,
wtF
Goodboy
We
Aesthetic,Stone,Age,Projector
Adam,‚ÄúMCA‚Äù,Yauch
Oie-yoi-yoi
Simone
Owl,Alexis,Thomson,Gastown,Vancouver,,B.C
China,English.,English.
MeüöΩirl
BiRb,RepEaTEdLy
O,P,M,R,S
Steve-O,Jackass?
Udacity,Flutter,Android,iOS
Disneys,Moana,Olelo,Hawaii:,Polynesian-themed,Disney,Moana,Hawaiian
YouTube
Announcer,LeBronto
Japan,Wales
Hub,GW2
Heathrow,Airport,,London
Forbidden,Hot
Kanye
IÃõÕìÃôÃñÃØÕàÃñÃôN“âÕöÃ≥ÃñÃπÃ±Ãª,ÃúÃØÃ≤EÕûÕÖÕâÕàÃ†Ã•ÕìvÃõÃ∞Ã±ÕñÕïÕôÃ†iÃ¨,ÃútÕòÕéÕâÃñÃ≥ÕìÕáAÕúbÃ¨LÕèÕÖÃ≠ÕìÕÖÃ†Ã•,Õ°Ã•ÕéÕÖÃùEÕüÃªÃ≥ÕÖ
Memphis,Meats,Cows‚Äô,Worth,Biopsy
Astolfo,Astolfo
Hmmmmmmm
Shikamaru,Nara,Stylouz,Cosplay
Congratulations!,Also,
Grand,Canyon,John,Stamos.
Facebook,Cambridge,Analytica
Bus,JEDI
Bloody,Mary
Lebron
UFO
Ye
Bang
Gragas,Jesus,Christ
Goodwill
Dallas,Saints
Unser,Hinterhof,Nachwuchs-Nackenb√§rten
Sim
Giuliani
Taiwanese
Genie
CoinMarketCap,Bitcoin,Bitcoins
Hot,Topic.
ULPT:
Anti-Counterfeit,Canadian
Engi
TooMeIrlForMeIrl
Reminder,Obama
Ill,WCGW
LPT:,iOS
God,Rays,Vancouver,,BC.
Shring,Coby
Elon,Musk,Instagram:,Falcon
Christina,Hendricks
Glittery
Philip,Goff,Jedis,Force
Lotus,Wujin,,China.
Surely,Kylo
Trump.,Neil,Cavuto
‚ÄúEric,Clown‚Äù,Seinfeld,Iron,Man,,Jon,Favreau!
PwC,Hong,Kong,PwC,Singapore,VeChain
Asus
HMRB
soyBoy
iFunny
Establishment,Initiative.,FFRF
M3
Mum‚Äôs,Hachi
Baku,Podium,
Poe
Hitkittin
Triumph
Maya,Hallmark
Woof_irl
RV
Abandoned,Supra,Australia
Cat.
April,ONeal...Oh...My...
Hardworking,Filipino
Kanyes
Texorcist
Hey,
Binance,XRP/USDT,Finally!!
TIFU
[I,Lobster,Mac
Odin,Hannover,,Germany
Elon,‚ÄúThe,Tesla
PSA:,CET,,Netherlands
Summary
What,Shadows,TV,Jemaine,Clement,,Taika,Waititi,FX
Btw,
Slant,Porsche
Superga,Torino,Turin.
Westworld
Richmond,,BC.
I‚Äôd
MEXICAN,STREET,CORN.
ELI5:
I‚Äôd
Scariest
PsBattle:
PoE:,Movement,Limit
[ART],Dragonborn,Sorceress
DVD,MPAA
Yuri
Quebecois
Yennefer,,Ciri,Triss,Nastya,Kulakovskaya
LPT
Alfred,Vessel,Chaos!
Insanely,Mozart
[OC]
Japanese,Prime,Minister,Japanese,Hideki,T≈çj≈ç,‚ÄúRemember,Pearl,Harbor.‚Äù,Morse
[Post,Thread],Boston,Celtics,Philadelphia
Rip
Sentient
Squid(A),(B)
Koala,Lamingtons!
Burn
ARREST,HIM!
Chef,Tyler1
Transmogging,Aluneth,,Xalatath,,Manari,BfA
Veterans,Assembly.,Caelum,Gall,October!
James,Gunn,Adam,Ellis‚Äô
Ninja
Oshie,Letang
Obamacare,Repeal,Vote,,GOP,Largely
Jesus
Lucy
April
GOD,
Ahh,Mr.
Kanye
Nerds,
Lord,Vader
‚ÄúWiFi
Cinco,Cuatro,Everybody!
Capitalism
IQ
Simone,Biles
Superbowl
Darkest,Dungeon,Fact
Lachesis,FE,Echoes:,Shadows,Jugdral
Ok
Define
Yale.
Kouhai
[Image],Yakuza
Everybodys,May
Rocket
Mueller,Republican
Brave,,PC
Mouse
Epicenter,Intro
Athletes,Bus
[MOTD],Ubuntu,LTS.,MOTD
Hendersons
Wars!
ITAP
MLM,
[Non-political],A/c
Kristen,Bell
News,
B-1B,Bomb,Bay
Incel
[Omega],Speedy,SLC-3,InSights,Mission,Mars!
‚ÄúAre
PAT.
Here:
Fifth,Avenue,,York,City,,Easter,
Fierce
Joe,Congratulations,Joe!
Gogeta
Pillow,KL
Ford
Lenny,Wosniak
Dear,Kirin:
Docker,XKCD
Convention
Nezha:
Koss,Porta,Wireless
Stewart
USA
Evolving
Buffetts,Berkshire,Hathaway,Apple
Zuko,
[MarinersPR],Mariners,Ichiro,Suzuki,Assistant,Chairman,
Iron
Janet
Rimworld,Flirting
Equifax
Marine,Reservists,Coronado,Jun
There‚Äôs
Idk
Trudeau
[NA],Fandangos,Vermont
Breath,Wild,
England
Maarn
Alexandra,GQ,Mexico
Snek
Romans,Norway,Denmark?
Nana
Parents
HMC
Thermite
Kulve,Tatoth
Payout,Daily,Objectives
BEEP,BEEP,BEEP
Loseit-versary,
Axe,Destroys,SFAT,Kirby
Ilir,Latifi,Glover,Teixeira,UFC,Hamburg
MOTHER,~~BOARD~~
Alternate,Tony,Sandoval,A.T.Comics
Pink,Bikini
Bledsoe,Scary,Terry
Wielder,[„Éû„Çπ„ÉÄ@ÂúüÊù±E-36bRWBY]
Cops,Chilliad
I,
F
MRN
[Final,Fantasy,XV],I‚Äôll
RIP,Boomer,
A10,Gun.
Listen
[Image]
[WP],Batman,Dwight,Schrute
Pyramids,Nights
cursed_UI
[PSA],Fairing,Relays
TMOR,COINTELPRO,CIA
War,,Tom,Holland,Spider-Man,Tobey,McGuire,,Tom‚Äôs
Startles
Secret,Society,Influence,Chart
Falcon
Annnnnnnnnd.,Gone.
Lachesis,FE,Echoes:,Shadows,Jugdral
Abandoned
Murder,Orient,Express,Richard,Amsel
Keilah,Kang
[Poetry]
Misty
Edition)
Clash,Royale:
Barty,Crouch,Jr.
#PwCHK,#PwCSG,@Vechainofficial.
SnapChat
Toothless
FIXED,Dusty,Depot!,Squads,(Uploaded,Muselks
WDW
Ryotanji,Temple,,Hikone
Christopher,Nolan,Kubrick,Odyssey
Steel,Dan,Mumford
Furry_irl
Rusty,Vladimir,Manyukhin
Edition)
[ART]Elon,Musks,Maye,Musk
Stardew
II,Robby,Johnson
Wes.
Benita
Sarlacc
France
VR
LDS.org,An
Academy,Expels,Cosby,Roman,Polanski,Membership
PUBG,Id
Sleepy
HD
Beep
Deku,Muscular
Waifu
Denisovan,Denisovans,Denisovans.
Bernie,Sanders,Hes
Nala
Turbo
Savoy
I‚Äôd,I‚Äôd,I‚Äôd,I‚Äôd
[OC],Ouzoud,Morocco
Blind
Seattle‚Äôs,Secret,Lair
Australia,Chatswood,China
Elyse!
Anti-Fascism
Girls,,Sexy
[Post,Thread],Cleveland,Cavaliers,Toronto,Raptors,,Cleveland
Just,Russia,:P,Russian!How
Faun,Bogdan,Rezunenko
Matter-antimatter
Thanos
M1,Abrams,Waifu,Pillow
Despojos
Rockstar,North.
Dirty,Foch
Goodboy
Connect,Kenket
Thailand.
Tanner
Facebook,Oculus.
Springfield,Armory
OTMemes!
Alien,[OC]
PsBattle:,Dr.,Strange,Dr.,Strange.
Mario
Trap
Chelsea,Costa,,Cech,,Torres,,Filipe,Luis.
Spie√üer
Behold,,Mythra
Overlooking,Cape,Cod
Mermaid,Sebastian,Ariel,‚ÄúLife,Nintendo
Earn,Marks
Drogon!
Bethesda,Icons
Igor,Pozdeev
Georgia,Bell
Rust,XP
Hitboxporn
IASIP,Instagram
Rinne
IOTA,COBINHOOD!
Rey
Drill,Sergeant,Gunny,R.,Ermey.
Gon
WFFA,
Aps
Doing?,Disgusting?
[No,Spoilers],[OC],Hawke
Expansion,Wars.
[Infinity,War],SPOILERS.,Thanos,Starlord.
Q
Gymnastics,Morgan-Rose,Moroney
Hogwarts
‚ÄúThe,Lyn,[OC][OS]
Keto
Stormy,Daniels,
UPDATE:,Luckyshot
Rio,Saved!!
HMF,
Comrade,,Russia
Cinnamon,Toast,Crunch
Penn
OTHER:,Steel,Dan,Mumford
D,OMEGALUL
Velvet,Pentagon,KCON,NY!
Binance,Deposit,Withdrawl
Battlefield
L√∂wenburg,Castle,,Kassel,,Germany
Nikola,,Tesla,Anheuser-Busch.,Working,Anheuser-Busch,,Nikola
Dude
Higher
Thomas
[Shitpost],Med,MFW
Godfather
Math,SL
Dragnea,ITP,,Viorica,Guvernul,IQ.
Scully/Hitchcock,Hitchcocks
Alan,Turing‚Äôs
God?
Iceland‚Äôs
Ex-stripper
[FRESH],Kanye,Lil,Uzi,Vert
OP
Germany...
Bizarre,UEFA,Liverpool
Atlantic,Wolffish,North,Atlantic
[FRESH],Travis,Scott,Kanye,Lil,Uzi,Vert
Wendell,Kanye
Jaguares?!
Ringo
Vlad,Impaler
Miami
Prince,Phillip
/r/GreenBayPackers,Nude,Protest
HMJB
Jimin
Appropriate,December,March
Ramos,Salah:,‚ÄúWeve,Salah,Liverpool.,Throughout,Ive
Dyrus,Saber
Got,Ireland
Adult,Rin,Shirou
Typical
Washington,DC,Craigslist
Blossoms,(Olympus,XA,,Porta
Netflix
Catholic,Cartoon
Starbucks
Norwegian,Parliament,Norwegian
Charlies,IG
Hanzo...
T,H,Tomorrow
RIP
Hiyoko
#MakeGameGrumpsOrangeAgain
Kids.....
Formal,Apology
Honda
Pitt
Minnesota
Cutting
Targeted
Ponytail,Megumin
Alert
Squad,Alpha
Birdcloud,Saving,Jesus,[Country/punk/experimental]
Elena,Gual,
Berkshire,Hathaway,Apple,Q1
GTA
GRILL
Panda,:D
Neon,BR
[ALL],Square,Enix
INnoVations,L√º,Bu
Reddit,
Spectrum,Classical,Arabic
Veronica,Bielik
PCs
[OC],Close-up
[Wotaku,Koi,Muzukashii]
Zhulings,Feb
Dong,Hun,Kim
Sneaker,Pimps
Hayden,Ducati
Muhammad
SHARON,,BARBARA,MISCARRIED
Bannerlord
GHM9,(OC)
Infinite,Forest
Falafel
[WP],Trial,Murder.,Halo,Unfortunately,
Steven,Seagal
ID10T,Specifics
Conan,OBriens,TBS,Late-Night,Reduced
I
Norwegian,Divers,Assosiation,(NDF),Collectively
Rich
Carrier
LOTR
TOTS,Eredivisie?
Flinders,Street
Trudeau
Armenian,Church.
DuckDuckGo.
Mississippi,Pot,Roast..But,Dips,MPR,,Pictured!
X-post
Seriously,
Watched
Jenna,Fischer,Pam,Michael,Steve,Carell
Pepperoni,Jalape√±os
GA!,NBC,POTUS,Dallas!
Myrnes
Sunyata,Dali,Zhaoyang,Architects,,China,
Lil,Dicky
Join,American,Eagle!,USAAS
[Hibike!,Euphonium]
ARACHNUS
Yep,,Listening.
H,P,B,O,S
Nintendo,3DS,Sold,Unless,One-Per-Person,System
Clinton,DNC,Chair:,Bernie,Supporters
Judge
Nothings,Shiner!
Hamilton
GMO.
Z,BMW(2014,Z4,sDrive35i)
Splatoon,Japan!
Upvotes
@TomPelissero:,#Eagles,Darren,Sproles,$400K,$1.415M,$1.433M,$1M.
Iron,Sky:n
[PSA],Anas
[RDTM]
Gordon,Ramsey
Blake,Lively,r/Smoopys_Celebs]
Longest,CP
Ken,M,Books
Prayer.,Amen.
TheBeatlesVEVO,‚ÄúStrawberry,Fields,Forever‚Äù
Jeanne,dArc,[Fate/Grand,Order]
Jennette,McCurdy
YouTube,NASCAR‚Äôs,DW.....
MRW
Lucker96,VINXIS,Sidetracked,[THREE,DIMENSIONS],FC,UR,Skipped
Womens,Tomorrow
@SpursOfficial:,‚ÄúMay,Foyth,#StarWarsDay‚Äù
Perception
Lock,S-Foils
Mum,
TBH+C,Lengths
Scenes,Bob‚Äôs,Riverdale
Lvl,Doge
Protip:
Scranton
Ive
Indians,Modi,Govt,,CIA,Hindu,RSS,Gen,K.M.,Cariappa,,Coorg,Jan17
Gilberta,Vita,,Puro,Milan,,Italy
Ex-Volkswagen,C.E.O.,Fraud,Diesel
PSA:
HAHAHAHA
Bulldog,FeelsWeirdMan
Saki,
Amid
Oshie....
Lembro,Quanta
Hows
Events
Portal
S2
Bekr√§ftat,,K√∂penhamn:,Dansken
Base,Baller,
[A]
November
Hydrangea
I‚Äôd
Alpha,
Ken,M,Starbucks
HIRE,JACKSON
Daily,Discussion
Master
Carcassonne,Carcassonne
ID
Tom,Hiddlestons
Ive,Felt
VR
Noir,Mafia
Janet
Ill
Pochinki
Joe
Venice
#JusticeForBernardo
[RESOLVED],BC,William,Lynskey,Banff,Park,Alberta
Second-Rate,American
Strange,Cosmology
Gamebirb
Passengers
Soldier,(Sedona,,AZ)
Finally,
Ron,Swanson
Bridges,Prague,,Czechia,Vladimir,Hirsch
Waking,San,Francisco
Nice!
[CPU],eBay,PT,PT.,Min
[JFS],Adam,Marin
Factorio
Exploring
Cutie
Mit,RES,FP√ñler
Cerea
Data_irl
Specs,OnePlus,Full-HD+,2.5D,Gorilla,GHz,Snapdragon,Adreno,6GB,RAM,GB,ROM,Rear,Dual,16MP+20MP,Android,20MP,Selfie,Resistant,FPS,Slo,3300mAh,Notch
Alex,Jumpy
Lovely
Winter,Oregon,Milky,Way.
Disney
Charming
Hi,r/Aquariums!,Boomer!
Tati
Rerdert,
Elon,Musk:,Im,MKBHD
[McCullers,Twitter],Lance,McCullers
Lorehound
Friendly,Gramps
Absoulute
(Spoilers,ADWD),Wyman,Manderly,Arya...
Ive
Rapper
Jim
S,T,H,T,TJMaxx
Dont,Productive
Maggie
Jonathan
Wrigley
iPhone,Q1
PARLEY?
Gus,Gus
Sharena
Xi,Jinping,Karl,Marxs
Buddy,,Acrylic,Jason,Aaberg,30x40
Dbrand,r/FellowKids)
Ive
Georgia,Bell
HVTs
Kanye
Showtime,Maciej,Kuciara
CLINT
Request,Network,MakerDAO,Stability,Cryptocurrency
RIP,Marketing
Arizona,Horseshoe,Bend,,Page,,AZ,[OC]
Fastest-Selling,PS4,Exclusive
Sunday.,Sunday,Ive
EDM
Flower,Kanna
Dear,Leader!
Westeros‚Äô
Disembodied
Sox,Texas,Rangers.,Yankees
CMV:
Puro,Southside,Kleenex,
Adam
Maryse
Relatable
Jimmy,Neutron
Gus,Gus
Lets
Raiders...,Raider,Ive,Fallout
Women
Wot,Oxidation
Bitcoin
Yorkie.
Haters
Legend,Tells..,Submission
Moonrise,East,TN.
Pony,Hioshiru
MapleStory,Mushroom,Queen,Blender,Sculpting,Timelapse
Bug
Stay,Albert,Einstein
Blake,Lively
Jason,Witten:,To,Dallas,Cowboys,Dallas,Cowboys
Drive-Thru
[Shitpost],Arrowverse
Frontline
Gungeoneer,Contest,Submission:
Spidey,Sketches!
Asshole
Christina,Applegate.
Deadpool
Boba-saur
Dreaming
Pea
Hammann,[Azur,Lane]
Scars,Lloyd,Allan
Ann-Margret
F$%@ING
W4D3
IT
[OC]
present....Baby,Bella~
[FO],Stardew,Valley
Creamy,Kagari,Ginza,,Japan.
Fahmi
Jub-Jub.
Tl;Dr,Android,Reviews,Recommendations,(Episode
Dude,,Fuck.
Donkey,Kong,Country:,Tropical,Freeze:,Discussion,MegaThread
Frostpunk,250K
[KHBBS]
PL,United,TV,PL
Flaregems,,Fuel,Fascism
Buying
SRM,Carrier,(TOS-1,Buratino)
Waltonchain,Citylink,Smart,Urban,Lighting,Solutions
ITAP,Seoul
Fetch!
M√∂tley,Gr√º
IX
Rene,Rancourt.,TV
Lego,Rocket,Fallout
Dance,Gavin,Dance,Robot
M101,Pinwheel,Galaxy
Survivor
Amir,Khan
*Ainz,Smiles*
Ward,Protagonist,Costume
Furryüçîirl
Charles,Barkeley,Toronto,Philadelphia,Instead,,Cleveland,Boston
Shockwave,Simultaneous,Explosions
Goose
Lahore,,Pakistan.
Mr,Fuji
Destroy..
Paper
Hogwarts:,Mystery?
Huancayo,,Per√∫
Keys,View,,Joshua,Tree,Park,,California,,USA
Republican,Dino,Rossi
Robin,Hood:,(Spoiler),[OC]
MRW,LeBron,GOAT
Family
Hitlers
Sniper,III,Hitler
Frank,Mir,,Fedor,UFC,HW
Outline
Niagara,Critiquing
[No,Spoilers],Diane
Nothing
Heretic
African
Ashley,Vee
[New],King,Shattered,(Holy,Shit)
#CorruptedArt4CorruptedArk
Heathrow
GMs,Offin
Warden,Cosplay,Sanghelios,Customs
Dance,Gavin,Dance,Robot
Irene
[Request]
BREAKING:,Evacuations,Kilauea,Hawaii
FRICCIN,MORMONS!!!!,JINGLED
Springfield,Armory,Dick‚Äôs,Sporting,Goods
R5
Stranger,Things,MTV,TV
Moth
Ive
[King],Marcus,Morris:,‚ÄúKevin,Hart‚Äôs,Philly,L.‚Äù
üé∂Once
Mexico
Asunas,KoB,OS
WAAAY
Nazis.,Anything!
Rebels
Re-Applicants,Reacting,Applicants
Carton,Raider
Colored,Horikoshi!!,Digi,Coloring!
China,Praises,Teenage,Scorned,‚ÄòCultural,Appropriation‚Äô,Prom
Math
Margarita,Classic,,Refreshing.,Cinco,Mayo!!!!!
FTC,Nintendo,,Microsoft,,Sony,Warranty,Void,Removed,Stickers
Heavy,Overwatch
Russian,Roulade
Oshino,Shinobu,[Monogatari]
Neva
American,SF,Europe,
Cuomo,Guns,Domestic,Abusers
Net
Congrats,Willson,Contreras,Chicago
Lincoln,Model,KB,Boattail,Speedster
Scharnhorst
Stamp
Abstinence,Education,Harmful
Sammys
Perk
[Update]
Montreuil,P√¥le
Doggo
ITALIANI!,Ricordate,PASTAPORTO,Polizia.
Naw,
Flexing,Kramer
Canadians,Sunday
As,Jewish...
Mr,Cubeworldwide
Hey
[Homemade],Thin,Crust,Crust
Broons
Moab...
Dan,Cummins
OP,CP
‚ÄúI,OxyContin:‚Äù,Purdue,Pharma,Rep,Push,Opioids
RIP
Insurance
Chuck
PUERTO,RICO!,Protests,Unheard!
Celebration
[The,Lego,Movie],Alison,Brie
Deulofeu:,‚ÄúThere‚Äôs,Barcelona.
CPU,Meltdown,Spectre
Lil,Jan,Bizzle
Excitable
Obama,Nixon/Watergate.,Mar
Royce,Caterpillar,Eminem
Pool
Detailing
Spectre-NG‚ÄîMultiple,CPU
Microsoft
Francis,Benfatto
[Potential,Spoilers],Lets
Ekaterina.(dermatochalasia)
Zuckerberg
Ruckus
DBrand
Russel,T,Davies,Steven,Moffat,Doctor.
Boxes,BBC,England,BBC,Scotland
M/V,MAGDALEN,,Eastern,Ship,Building,,Panama,City,,Florida,
Virgin,Favored,Underdogs
Emilia,Vogue,Australia
Details
Bruges,,Belgium
David,Price,MLB,Betts,
Revelations,Control,Narrative
Winston
European,But...
Argentinian
Denver,Confluence,Park
Nuh,Albayrak,Muharrem,ƒ∞nceyi,Ele≈ütireyim,Derken,√ñvd√º
Wot,Cascers,Berserk
[Manga,Spoilers]
VI,Heros,March,(Fixed)
Downtown,Sacramento
Timber
YSK,Insiders,Entering,Reader,Firefox
Division,Bell
HERE!!
Vanishing
Traviss,Instagram)
[Humor]
I
Millennials,Poorer,Boomers
Ashlynn,Brooke
Friday...
Spin,Bitch!
Duty.The,Bandits
Aero,OEM
[Poetry],TMZ,Narrator,Eulogy
‚ÄúAttention!
GIF
Shovel,Knight,,Ramunap,Excavator!,JomArt,Alters!
Teehee
Devastation,GIF
Reminder,Vendor,Reset....
Bae
[F4M],UK/Anywhere,maybeI
PsBattle:,Slave,Elsa,Hans
[Fluff]
XB-70,Valkyrie
Lalafellin,Tunic
Hurley
Ernies
Georgia,Bell
Josh,Hart:,Josh,Means
HEE,HEE
[US],Marcella,British
Revisiting:
Brass,Bull,Barbecue,Mount,Char,,Goods...
Calvert,K.O.
Dwarf,Fortress
*You
EOS
Literally,Gerald,Rivia!,Updoots
Well...,Shit,,Altium.
Cork,,Ireland
Switcheo,V2,Instant,UI,
Oho
Grey:,Parts
Good,MC!
Summoner,BFG
Sunglasses
Girl,
[Theme],Maya
Ive
Madlad
Max,,Mohawk.
Fuck
Permanent
‚ÄúYou,Jewish‚Äù
Advancements,Imgur)
Autism,Polio,Measles,Sesame,Street
Steel,Divisions,OP,US-equipment
[MLS,Rewind],MLS,ESPN+,MLS,@TaylorTwellman,#MLSRewind
Reddits,Quick
Daily,GIF
Kwam,Hilversum.
Girls‚Äô,Generation‚Äôs,Hyoyeon,MAMAMOO‚Äôs,Wheein,Secret,Unnie
Iota
Seoul,Noir
Milana,Vayntrub
IH
RIR
Veggie,Crunchy
Innovation,Alliance:,Michael,Arrington,EconoTimes
Horse
Unamused
Michael,Scotts
Gingko,Biloba
Mostly,Ghibli
German,Seas,Fleet,,Braunschweig-class
CIG
Unblock,YouTube,VPN
Amanda,Cerny
[Bug],Mithril,Dragon,GE,W306
Uber,Hebrew
Dads
Snow
Premier,TOTS
FDA,Commissioner:,‚ÄúLet‚Äôs
Stroll,Ikseondong
Dem,Turtles
Amsterdam
Ive,OMAD
Hiawatha
ULTRA,MEGA,BLUE,KOOL,AID
HMK
Facebook,Co-Founder,Rich,Hes,American,U.S.
Horwath,Wynne,,Doug,Ford
Farewell,BSA:,Male
Casual
Molly.,Shy
Hanger
Threaded,As,Hammer
Er..what?
Kanye,Tyler
Fitbits
r/Detroitlions
Jennas,Lastnamay,
Not-So-Deathworlders
DLo
Ive,VR,Ill
Nobel
Creative:
Whos,Good?
Bathroom
Goals.
PHM
KDE,Plasma,(Possible
Master,Hacker,‚ÄúBurns‚Äù
Slippin‚Äô,Jimmy
Euonymus,Alatus.,Lacroix
Awww,Lottie
Getaway,Getaway
[WP]
WIWT:,Thrift,,Carlos,Santos.
HZD
up...Googling
Rebutias
Sequelmemes!
Wendy.
C-Costumes
Sal,Richard?
Plucking,Moulard,Duck
Kingdom,Hyrule.
Jeff...
Ship,Alex,Rommel
Sylvain,Sarrailh
Avro,Tudor
Niners,Notre,Dame
Zdzis≈Çaw,Beksi≈Ñski
Perfection.
Observatory,Hedge,Maze,Botanical,Gardens
Turcot,Montreal
Two
Vertical,Horse
SLC,,Hamilton,
Jojo,Wryyyyyyy
Nabla,Soul,Blooming
SuperMassive,eSports,Dire,Wolves,MSI,Play-In,B,Post-Match,Discussion
Depths,Fraktur
B&B
Worth
‚ÄúEating
Nylon
Plants
Mystery,N.J.
Python,Cython
Shitty,Coffeehouse
NPR,,WNYC,Studios,,WBEZ,Chicago,,American,Acquire,Casts
Steelers
Haku
Reptiles,Acts,Reptiles,Paleozoic
[Shitpost]
AFK,
Cat.
King,Krush,Hemet,Nesingwary
WatchandLearn,Box.,Youve,Gift,Shops.
Monica‚Äôs,PC)
Dandy?,Daddy.,Ill
Guests
Hierarchy,Engineering,Schools
Placement.,Peak,Division,East
Softball,Joins,Dodgeball,WCGW
Finland-France
QuarterJade
Chaldea,Chapter
U.S.,Syrias,White,Helmets
Lovely,Powell,Butte,Park
Puck,Hes
Matt,Ryan,Falcons
English
Quilliam,Spikesphere
[WR],SSBM,Targets,Dr.,Mario,(GameCube)
Sun,,Tom,,Dick,,Harry,,Tom,,Dick,,Harry.
GAMEDAY!!!
Joker,Cosplay,Bec,Hearts
POOL
Regarding,Picasso,Young,Flower,Basket,,Paris
Everyone‚Äôs
Silmarils,Fifth
PHILLY,PARTY!!!
Authorities,Hawaii
Wendy‚Äôs,Understands
Tonks
Darth,Lights,May.,#MayThe4thBeWithYou
Dissidia,Fantasy,Opera,Omnia,Medals
Officer
Zijn
Facebook
Theater,Scarred
Gate.io,NANO!
Seabobbing,Dolphins
Alberta,Premier,Rachel,Notley,,CBC
Tom
Younique
Dubai
Rudy,Giuliani,Stormy,Daniels
Felt,[OC]
Dammit,Know?
[OC],Dragonborn,Sorceress
Literally
R.,Crumb
Stanley
Unable
NRC
NL,East
LSD,HD)
Makeup,Rick,Baker,Halloween,Dr.,Frankensteins
Friday,
Deposits,Binance
XMR
Blue,Admiral,Ackbar,
Well,
Mike,Dirnt,Wikipedia.,Nice.
Chickers
Derby,Week!
Forbidden,Pez
VR,Interface.
R√∂r
Brett,Kollmans,NFL,Recap,Reactions,Bears
Francis,Ford,Coppola,Godfather
[Original]
Neo-Mexican,Empire,Fascist
Colvin
Dwarfs.
Melissa,Emma
[OC],Close-up
Escalation,Protocol,Details
Borderlands
Nation,[OC]
Aaannnnnddd,POSE!
[MEDIA][HOUSING]House
Cities,Invest,Libraries.
F430,,[6000x4000][OC]
Sue,Anthony,Cumia
Gaki,Tsukai,Japanese
Da‚ÄôVonne,Elena,Beef
Jimin
Gallus,Gallus
‚Ä™After,Celebi!
[Update]
/r/offlineTV
M/16/5‚Äô6‚Äù,Months),(B:,S:,D:
Smoky,Mountains
Airwolf
Elusive.,Endangered.,Mexican,Wolf,Gray,Wolf.
Legends....
Ditch,Cocaine,Mitch
Gerry,Adams
HMFT
Roses
Co-worker
Carbuncle
Gamerz
[Giveaway],KF,Orochi,KeypressGraphics
PHOON,(Animaton)
Mexico
Right-leaner
Nigerian,Email,Scammers
Heathrow,Fuelling
Rinne‚Äôs
‚ÄúFinally..‚Äù
Britton
THURSDAY,SMACKDOWN
Tesla
Arsenal,UEFA,Europa,League.
Hi!
Tim,Pool
Rihanna,Drakes,Declaration,VMA,Uncomfortable
Westchester,,N.Y.
Joji:,R/PinkOmega:
Spotlight:,Maxillz23
WC,,Mountains
Alexander,Nevsky,Cathedral,,Sofia,Galaxy,S8
Romy,BFPU
AKMS,Mk18
[Hanamura]
Ketchup
Vazam,Inter;
Achoo!
Yanjesus,Solar(power)
Ian,Kinsler,AB
Crow
Kanye
I‚Äôll
HachiYuki,[OC]
Journeys
God,Rays,Vancouver,,BC.
Sandstone,Apsara,(Celestial,Nymph),,Uttar,Pradesh,India
√ÑrSuomi
*Snap*
Valkyrie
Southwest,Airlines
Nova,Kimchrea
God‚Äôs,Plan,AP
Sato
FRESHLY,SQUEEZED
Udacity,Native,Flutter,Google)
/r/BattleRite
Immersive,Engineering,Add-on
Kardyna≈Ç,Nycz:,Konstytucja,Trzeba
When,Albert
Home,,Alexa
Axe
Das,Fahrrad,Deutschland!
Meerkat
Zazie,Beetz
ID10T,Specifics
DSA,Drifter!,[DSA,Tanuki]
[Book,Excerpt|Blades,Damocles],Cato,Sicarius,Codex,Astartes
Bane,Alienware
[Spoilers,C2E17],Matthew,Mercer
Baptists.
Agger
Discussion,Avengers:,(Thread,Vol.
Patch
Smash,Summit
Patch
Grendel,Grain,ELDM.
F150,XLT
DisguisedToast,toastyCD,(Currently,Disguised)
Hey,Ive
Trudeau,Co
America,Christian
Kanye
S;G
Centenario,Huracan,
YouTube.
Prom
Kolto,Station!
Aldis,,Blue,Alayna,Lemmer-Danner
Mitch,Marner,Raps,ACC
Lions
[OC],Draymond
Portland.
Bankruptcy?,Medical,Uncovered,Sprinkler,Incident
Norwegian,Airlines
Moe‚Äôs,Southwest,Grill
Owlboy,July
Christians
Memory,Game:
PSA**,LEASH
[General/Superheroes]
Robin,Knight,Cordelia
Virgin,Ash
Me
PayDay
Sayori
Evolving
Sarah,Paulson,‚ÄòAmerican,Horror,Story‚Äô:,‚ÄúI,Ryan,[Murphy],Time‚Äù
Watchmaker,Priest,(Part
Lunar,Test,
[Request],Bluetooth,AirPods,iOS,Bluetooth
Coco,NBC,TBS,Conan,OBrien,Conan
Luscious,Lemonade.
Elegant
Nicki,Minaj,Chun-Li,Barbie,Tingz,MVs,Tomorrow,Midnight
[Fanart],Hisoka,RainNoir
India‚Äôs,PM,Modi‚Äôs,Bank
Vikings
[GEAR],Jazzmaster,Mexican,Tele
Uncomfortable
Kate,Upton
Cus,Crise
Vert
Australia
Legend,Zelda,JisuArt)
Brisbane,
Gayü§ïirl
Caesars
Elegance
[Discussion]
Scroll,Hebrew,Font
Delaware,River,,PA.,[OC]
Zsa,Zsa‚Äôs
Eva
Resubbed,(Im
SOLO:,Dan,Mumford
Friday...
[DARK,SOULS,Darkmoon,Inquisition!
Mo,Salah,Sergio,Ramos
LPT
Umro,Tito
Puppy
Invader,Wan,Chai,Charterhouse,(I
PAWG
Awesomeness!
Redskins
MCU,Continue,,Feige,Promises,Genuine
Socialism
Candy
TMS
Hey
Impostor,Artur,Samarin,Pennsylvania
UK
Marquette
Bills
Armoured,South,Africa
Sonic,Hedgehog
Capped
Dragan
I‚Äôll
Puppy
Lea,Thompson,,(Lorraine,Baines,McFly)
Tetra,BioPharma,Commercialization,Azevedos,Industria,Farmaceutica,,S.A.,RX,PPP001
Amanda,Cerny
Hideri-chan
R.I.P
Arsenal,TV,United
Pathfinder,D&D),Shadowrun
Stubborn
[McCullers,Jr.]
I..,Uhh..,But..
Molina
Glitch,Mob,(Full,Album),[Electronic]
Yup,
AR-15,District,Tustin,Legacy.
Gas,Boop
Zoey
Sixth-grader,Florida,Congressman
GreenWals.
Weeds
FWD:
Rivers,Flows,Yiruma
Nazi,anti-Semitic,Nazi
Jake,Guentzel,NHL
Mahibu!
Wrekers:
Ovechkins,Crosby
Dated
Mech-a-sketch,Scott,Robertson
Australia
Hopefully,I‚Äôll
Gin,Tsukuyo
Rei
Shanghais,Bladerunner,Density
[SHOTS,FIRED],Kanye
Just,The_Donald
Estonia,(Europe),Tallinn
Everest,Base,Camp,,Ama,Dablam.
[Art],Prey,Warrens
Imagine
Eurovision,Proposals
Empress
Trump‚Äôs,Lawyer,America
Monmouth,County;
Mitrovic,Wins,PotM
Taze-punch
Iceland:,Vaping,Linked,Iceland‚Äôs,Directorate,Health)
NON-MAN
Booty,Yoga,Pants
Murlocs,Stu,
Kaede,Rantaros
Source,Source,Source,Terrain,Transmutation,Divide,Source,Smaller,Smaller,Counts,Source,Source
Greg
PR
Advert,London,Underground!
Cx
Japan
Ive,A.I.,Heres
Ive,game...I,Morton
Dr.,Mario,Targets,W.R.
Whoops
Golden
Cisco,WebEx,Advanced,Recording,Remote,Execution,Vulnerability
When,ASICs
Stay
CCWers
Cosmetics
Newss,Neil,Cavuto,Trump?
Obama,Faked,Doctors,Letter,,Impeached:,Trumps,Dr.,Harold,Bornstein,
[TUTORIAL],(Fps)
Doctor,Strange
Women‚Äôs
Management,Leadership,Lessons,Learned,Thrawn:
Columbus
Moto
Norway,Sky
Genna,Podcast!
[Map],USA
Dat
Destroy
Iron
Hiatus:,Acceptance
‚Ä™Last,Clodagh,Smyth,Weighing
Russell,Westbrook
Penllyn,Castle,r/Wales,HQ?
Christian
[LINK],Weeknd,Unreleased,Tracker
Bathtub
LTBU!,Angels,Os,AL,West!,Stop:,Seattle
KNIGHTS!,RETURN,HOME,,CONQUERING,HEROES,HEELS!,RALLY,GALLANT,FORTRESS!
Jahannam
DEXA
Sideview
Crap,Eastern,Suburbs
DNA,Zodiac,Golden
Alexis,Rupp
Mike,Mitchell
E:D
Sticking
Fang!
Afghanistan
Blindness
[Serio],Hoy,Yo,¬øCon
ContraPoints,/r/JordanPeterson,Weve,I
CM
Gastronomer
[Method]Procrastination
Foods,Sleep
FacePunch
Rifleboarding
Magiswords,Danny
Lebrons
Snoop
Rachmaninoff,Levko.,Notice,Tchaikovsky,
Magazine
Seattle,Lewis
Mila,Kunis
[Shitpost],Diggle
Costa,Rica
Serious:
Keilah,Kang
Meowsters
Dul√©,Hill!
u/forevaCuntz
OracleChain
Colleen,Camp,
[INDIA],India
South,Florida,
Periodic,Nootropics
Morrocan,Trilobite
Airbnb,NYC,Airbnb,Airbnb,Chelsea,,Greenpoint,,Williamsburg
M40,,Torn
Igor,Pozdeev
Beauty,Water.,Another!
MRW,May,Is,Trek
Aladdin,,Genie,Hawaiian,Goofy,Robin,Willams‚Äô,‚ÄúBack,Neverland‚Äù,Disney‚Äôs,MGM,Studios.
Houston‚Äôs
[Stecker],Ichiro:,Ive
Girls,,Chloe,Luna
Rin-chan
[Dino,Art]
David,Yost,OG,Reunion,,Offers,Produce,,Suggests,Amy,Jo,Johnson,Directs
Valeroa,Anti-Tamper
Majora‚Äôs,Greg,Republic,Sacramento,,CA
Scarlet,Witch,Artgerm
Springfield,Armory,Dick‚Äôs,Sporting,Goods
Shitpostbot5000
Murphy!
DEMAND,AutoCAD,PC,Facebook.
Butch
Marvel:,Infinity,Meanwhile,Russia.
[Meta],Pull
Dear,SuperCell,
Weezer
Dalinar
GCSE
Blaster
Sleep,Satania
Targa,GTS
Dan,,Josh...,Were,I.
Challenge,Allan,Cory,Nelson,Taylor.,Nelson,Corys
Post-it
Rape
Katrina,(Taiwanese/German/Italian)
Zorro,Zoe!
XP-58,Chain,Lightning
Imagine
Europe.
McDonalds
Gigan,Perler,Bead,Feet,Tall
Honestly,
Greek,DüíøC,GGX
A7rIII,Canon,II,Morocco,Trip)
DIY
China,Praises,Teenage,Scorned,‚ÄòCultural,Appropriation‚Äô,Prom
Scotland
Rune,Telegram,UI,New,Coins,ADA
Fuch
Mojocoyo,Rebel
[Article],Faked
Mongolia
Goddess
Jesus,Christ.
Brit
Summary,PRINCIPLES,Dalio,Bridgewater,Founder.
[OC]
REVIVIENDO,CLASICO
Casts,NPR,,American
[MEME]
TIFU
Park,,Yankees,Champions.
Thanos:
Rolls,Royces,Spitfire,PS853,,Supermarine,,Southampton.,Rolls,Royce,Griffon
Palahniuk
Matt,Ryan,@AtlantaFalcons,QB
JoJo‚Äôs
PSA,Streamers:,Password
Pied,Piper,China
Jardon,
Franz,Flyer,Honda,CB350F,V8,BMW
Boooy!,Colin,Searle
Camila,Bernal
HALLOWEEN,CONCEPT,KUZENBO
Haikyuu!!,Trivia,[Part
Rescued,Circus,Blep
Apollo,Lunar,Roving,Lunar,Module,Kennedy
Chael,Sonnen:,‚ÄòIt‚Äôs,Fedor,Fights,Japan,Fake‚Äô
Remembering,Adam,Yauch,,MCA,(May
Sayori
SO?
Prep!
Themed,Burger
Cannibalism
Elusive.,Endangered.,Mexican,Wolf,Gray,Wolf.
Obligatory,Donkey,Kong,Country:,Tropical,Freeze,NA!
ALMSIVI
Lemons
Shitter,Whiteout
Sturmtiger
Kenny,Cody?
Neon,Jacket
Innledning,Hvaler
Sky,Gate,[Kaitan]
Paper
Popular,JavaScript,Package,According
Logan
Fortnite,Funny,Youtuber
Elimination
Egg_irl
Fil
Strange
[Deus,Mankind,Divided]
Were
Cutaway,Rolls-Royce,Trent
Exploding,TARDIS
Riot
Grandmaster,Deck,Symposium!
Selfie
Audi
Rifiuti,Roma.,Sotto,Chediovefurmini
.:Satsuki,Beadsprite:.
Pubg
S550s,,S197s?
Sandia
Burg,Eltz,Germany
Philip,Cowley:,Westminster,Wandsworth,,Labour
(Old
Starina
MRW
KO*
Bikini
Medidas,BCRA,Tasa
ECE,Piazza
‚ÄúDiscrete,Shipping‚Äù
Fractal,Penrose
Malaysia,Airlines
Techniques,Smaller,Portions
Glitch
Microsoft,Lumia,XL,Windows
Astonishing,English
Minecraft,3DS
D.C.
Rawkus,Tilts,xQc,Instalocking,Brigitte,,xQc,Sym
BBQ,Shreveport,,Harvey,
Mueller,Republican
Nazi
Ohio
Dorito.
Jour,France
Konami
Forget!
RIP,EDISON.,BibleThump
Were
Tahoe,,California.,[OC]
Floral,Mountains,[Original]
Night,Temiree
Charlotte,X-Men,Blue
Pine,Umbria,
Alert.,FCCs,Net,Neutrality
SDCC!
BD,DT
Really?
SQUAD,REVIEW;
PsBattle:,Slave,Elsa,Hans
Origami
T,H,R,M
Healy
[Media],Spinning,Heel,Heavens
Katie‚Äôs
Ol,Shirtless
Derry,,Ireland
Binance,XRP/USDT,Trading
Angry
Slow,Czech
Tomahawk,Sous,Vide!,Blow
Ark,Chris,Jarunik
Mary.
Tom,Petty,Heartbreakers,Mary,Janes,Dance,[Rock]
IWTL,History(But
MST3K,AskReddit,What
H2O
ESPN,Toronto
Procedural
Mount,Saint,Helens,Mount,Rainier
Bulldog
John,Tavares,Montr√©al,P-A,Parenteau,Montr√©al
Flowin!
Subies,Autocon
Academy,Expels,Cosby,Roman,Polanski,Membership
[Meta]
Paisley
Klean,Nikita
I‚Äôd,AW,S3,AW
Erikas
Steel,Dan,Mumford
H,O
El,Nido,,Palawan,Ill
Bees
‚ÄúFinally,,American!‚Äù
Same.
Dragon,Priest
Karla,Homolka,Montreal
[D],Recommended,Cloud,Computing,Services,Learning?
Casablancas:
Customer:,Me:
Tf2_irl
Jasmine,Tookes
Geneticist,Magdalena,Skipper
BMW
Bcharreh,Ramzi,Semrani
Clueless,Gamer:,God,War,Hader
Melbourne,
Normans,TV,Pilot,Starring,Gilbert,Gottfried,Larry,David,(Requested)
Stewart
Guts
Layers
Automatic
Charmander
Beke,Cosplay
Crayzar,Ballmastrz,WWEs,Goldust
Guardiola,Yaya,Toure,Brighton
IG:,Jisoo
My,MTGA
R/T,Night!,(Pro,Soon)
Teostra
Krankheiten,Kritik,Impfgegnern
[MTF]
Giuliani
University,Monday.
Fuckwits
Were,Demon,Lord
Shoutout,NYXL,AMA,Translator:,Danny
Butthole,Surfers,Locust,Abortion,Technician
M3
Alonso
Carol,Dias
Venison,Chili,Benedict
Lets,BattleRoyale
BUSTED!,Are!,[Netflix],<Forewarned,Murder>,<Treasure,Island>
H-E-B
Mitchy,Spoons,,Down!
Awareness,Murdered,Indigenous,Women,Senator,Heitkamp,Releases,Guidance,Package
Irene
Agent,Hisako
Robot
Miami
Pouting,Miku,[Vocaloid]
Guardians,Past!
[Misc],Oddly
Gogh,Mariah
HMB
Uhhh
Sonic
Rottweiler,Belgian,Malinois
Education,Mozilla,WebRTC,Issue
Gaining
[Instagram],Granit,Xhakas,Europa
Facebook
Watching.
NC
(1944x1296)(OC)
[Original]
BRANDON,(FIGHT)
Porsche,Shisha
D,R,K,S,S
Celestia,Mane
Astonishing,English
Trike,Drifting
Daily,Yerin
Ex-White
Tesla
NBC,Reporter:,Clinton,Tom,Perez,Bernie,Folks
Stormy,Daniels,Cohen-he
Jaylen,Brown:,Man,,TD,Garden,I‚Äôll
Majula.
Harry,Potter,Timeline:
Coco
VP
Neil,Cavuto,(Fox,News):,I,Mr.,President,
Chieftain,Mk,Berlin,Brigade
Ted,Cruz,Beto,ORourke,Politifact:
Udemy,Learning,
*Ding*
Relatable
‚ÄúJacques,,SEED?!‚Äù
Monste,Zhuopeng,Zhu
Spiral,Agility!,Latte
Pillars,Eternity,II:,Deadfire
Shaq,Kobe,Reggie,Miller
